Number,Compound
1,N-BUTANE
2,ACROLEIN
3,ACETONE
4,N-PENTANE
5,DICHLOROMETHANE
6,C-1-2-DICL-ETHENE
7,N-HEXANE
8,THF
9,1-2DICHLOROETHANE
10,111-TRICL-ETHANE
11,BENZENE
12,CCL4
13,CYCLOHEXANE
14,1-2-DICL-PROPANE
15,N-HEPTANE
16,MIBK
17,TOLUENE
18,TETRACHLOROETHENE
19,CHLOROBENZENE
20,ETHYLBENZENE
21,M&P-XYLENES
22,STYRENE
23,O-XYLENE
24,N-NONANE
25,I-PROPYLBENZENE
26,2-CHLORO-TOLUENE
27,N-PROPYLBENZENE
28,P-ETHYLTOLUENE
29,N-DECANE
30,1-3-DICL-BENZENE
31,1-2-DICL-BENZENE
32,124-TRICL-BENZENE
33,NAPHTHALENE
34,HEXCL-1-3BUTADIEN
,NMTHC-EQC6
